{
	"BUILD_DIR" : "/home/lty/下载/linuxdeployqt/tools/linuxdeployqt/linuxdeployqt_autogen",
	"CMAKE_BINARY_DIR" : "/home/lty/下载/linuxdeployqt",
	"CMAKE_CURRENT_BINARY_DIR" : "/home/lty/下载/linuxdeployqt/tools/linuxdeployqt",
	"CMAKE_CURRENT_SOURCE_DIR" : "/home/lty/下载/linuxdeployqt/tools/linuxdeployqt",
	"CMAKE_EXECUTABLE" : "/usr/bin/cmake",
	"CMAKE_SOURCE_DIR" : "/home/lty/下载/linuxdeployqt",
	"HEADERS" : 
	[
		[
			"/home/lty/下载/linuxdeployqt/tools/linuxdeployqt/shared.h",
			"Mu",
			"EWIEGA46WW/moc_shared.cpp"
		]
	],
	"HEADER_EXTENSIONS" : [ "h", "hh", "h++", "hm", "hpp", "hxx", "in", "txx" ],
	"INCLUDE_DIR" : "/home/lty/下载/linuxdeployqt/tools/linuxdeployqt/linuxdeployqt_autogen/include",
	"MOC_COMPILATION_FILE" : "/home/lty/下载/linuxdeployqt/tools/linuxdeployqt/linuxdeployqt_autogen/mocs_compilation.cpp",
	"MOC_DEFINITIONS" : 
	[
		"BUILD_DATE=\"2022-05-02 14:47:15 UTC\"",
		"BUILD_NUMBER=\"<local dev build>\"",
		"EXCLUDELIST=\"\"",
		"LINUXDEPLOYQT_GIT_COMMIT=\"aeafcd2\"",
		"LINUXDEPLOYQT_VERSION=\"8\"",
		"QT_CORE_LIB",
		"QT_NO_DEBUG"
	],
	"MOC_DEPEND_FILTERS" : 
	[
		[
			"Q_PLUGIN_METADATA",
			"[\n][ \t]*Q_PLUGIN_METADATA[ \t]*\\([^\\)]*FILE[ \t]*\"([^\"]+)\""
		]
	],
	"MOC_INCLUDES" : 
	[
		"/home/lty/下载/linuxdeployqt/tools/linuxdeployqt",
		"/usr/include/x86_64-linux-gnu/qt5",
		"/usr/include/x86_64-linux-gnu/qt5/QtCore",
		"/usr/lib/x86_64-linux-gnu/qt5/mkspecs/linux-g++",
		"/usr/include/c++/9",
		"/usr/include/x86_64-linux-gnu/c++/9",
		"/usr/include/c++/9/backward",
		"/usr/lib/gcc/x86_64-linux-gnu/9/include",
		"/usr/local/include",
		"/usr/include/x86_64-linux-gnu",
		"/usr/include"
	],
	"MOC_MACRO_NAMES" : [ "Q_OBJECT", "Q_GADGET", "Q_NAMESPACE" ],
	"MOC_OPTIONS" : [],
	"MOC_PATH_PREFIX" : true,
	"MOC_PREDEFS_CMD" : 
	[
		"/usr/bin/c++",
		"-dM",
		"-E",
		"-c",
		"/usr/share/cmake-3.16/Modules/CMakeCXXCompilerABI.cpp"
	],
	"MOC_PREDEFS_FILE" : "/home/lty/下载/linuxdeployqt/tools/linuxdeployqt/linuxdeployqt_autogen/moc_predefs.h",
	"MOC_RELAXED_MODE" : false,
	"MOC_SKIP" : [],
	"MULTI_CONFIG" : false,
	"PARALLEL" : 2,
	"PARSE_CACHE_FILE" : "/home/lty/下载/linuxdeployqt/tools/linuxdeployqt/CMakeFiles/linuxdeployqt_autogen.dir/ParseCache.txt",
	"QT_MOC_EXECUTABLE" : "/usr/lib/qt5/bin/moc",
	"QT_UIC_EXECUTABLE" : "",
	"QT_VERSION_MAJOR" : 5,
	"SETTINGS_FILE" : "/home/lty/下载/linuxdeployqt/tools/linuxdeployqt/CMakeFiles/linuxdeployqt_autogen.dir/AutogenUsed.txt",
	"SOURCES" : 
	[
		[ "/home/lty/下载/linuxdeployqt/tools/linuxdeployqt/main.cpp", "Mu" ],
		[ "/home/lty/下载/linuxdeployqt/tools/linuxdeployqt/shared.cpp", "Mu" ]
	],
	"VERBOSITY" : 0
}
